AR - Best Games to Play PREMIUM Report,215da103a1908e3fa0d9c78e22c5323f
AZ - Best Games to Play PREMIUM Report,0fe3efe32a9fc98bdd2fc63755e64246
CA - Best Games to Play PREMIUM Report,256e2c0ff5c9722c514fca5e71eecdf3
CO - Best Games to Play PREMIUM Report,099a410c35ba78d1a0e35d9609ddd3d8
CT - Best Games to Play PREMIUM Report,f7bfba96c275ab01df535178092c3b93
DC - Best Games to Play PREMIUM Report,e200f2d6c25f57d2d887c31e2ffffec1
DE - Best Games to Play PREMIUM Report,eccabdd9cbb24ffb0f30c1382b598dae
FL - Best Games to Play PREMIUM Report,0f45036a3b60e5d8eb08df28dc6a9995
GA - Best Games to Play PREMIUM Report,d11919e1f47b1b54653e3583ac377f4c
IA - Best Games to Play PREMIUM Report,a77f3887483fc68e819a905074e0416a
ID - Best Games to Play PREMIUM Report,53063028c41c8f7c914f06938ac4b04d
IL - Best Games to Play PREMIUM Report,14cdaf488b0ba81ef500c996c755b734
IN - Best Games to Play PREMIUM Report,a2dcc42e957af8ce9d64a654bc41399f
KS - Best Games to Play PREMIUM Report,4df49b0d2c3c0bb7808b13224095bec6
KY - Best Games to Play PREMIUM Report,1600a9b2d2ef22a5e6dede11b102ec13
LA - Best Games to Play PREMIUM Report,03d7ca94003b13c9b6d06bfef00d3dc6
MA - Best Games to Play PREMIUM Report,2ce8013c5dab24a587414cde11bb80ea
MD - Best Games to Play PREMIUM Report,2ad0fa57db9d7f28246cfffad511f0f8
ME - Best Games to Play PREMIUM Report,6ee0af3b239a6ae33d332a67072ef604
MI - Best Games to Play PREMIUM Report,48b07a3bf105443c5a6ac3a56050b885
MN - Best Games to Play PREMIUM Report,8e267c0f7e093e486180ba419ee84992
MO - Best Games to Play PREMIUM Report,640cc4aabe291d7d177cc383f3df673b
MT - Best Games to Play PREMIUM Report,840156d6ff87a754cd685b7dbbc5e47b
NC - Best Games to Play PREMIUM Report,bdd47bfdf5c449b9f3796841a3253c7f
NE - Best Games to Play PREMIUM Report,ea66fa454d49a2c3e2b6306b03610bab
NH - Best Games to Play PREMIUM Report,4895031e3ef5cba9524aee85c97e3d4b
NJ - Best Games to Play PREMIUM Report,24b968aacee1272c63c05366302730c2
NM - Best Games to Play PREMIUM Report,d53c188468e62070ca671e7832199dc3
NY - Best Games to Play PREMIUM Report,0524e164b2869ede7454b3e2c6aee837
OH - Best Games to Play PREMIUM Report,f3b85b6de3341536a714e2dd04726e96
OK - Best Games to Play PREMIUM Report,315ed35873ce53b023d0c40e2bf6601e
OR - Best Games to Play PREMIUM Report,e1f92a6be8e7415bd74a6efa2a016542
PA - Best Games to Play PREMIUM Report,e391da90c7e4522adb2c96920bd493a3
RI - Best Games to Play PREMIUM Report,06e20ae6d7428bb8e8abdae101b7a1b1
SC - Best Games to Play PREMIUM Report,1e9e4a171201c011f4ddad66b0555cae
SD - Best Games to Play PREMIUM Report,313f1099a83215e9081ffbc9a7a21986
TN - Best Games to Play PREMIUM Report,6ecc676c946f01e879ca74dff26b2fe4
TX - Best Games to Play PREMIUM Report,c82d59f41d8785f07a73a4fc41246420
VA - Best Games to Play PREMIUM Report,81f7c5a89c9f4cec4b4cb7c3d0877120
VT - Best Games to Play PREMIUM Report,e6ae4b67d6d14495432fc75d3a087126
WA - Best Games to Play PREMIUM Report,62d7fe1f390a2512ab8e55792a5af346
WI - Best Games to Play PREMIUM report,76bf809c9f7b803ec7779c09464541ca
WV - Best Games to Play PREMIUM Report,7f208310d072b9b87c0114c1716da4c2
